id,name,birthday,comp
100,Kenneth Dillon,26.06.84,Orci Inc.
101,Yoshio Elliott,13.09.81,Cursus Purus Associates
102,Bernard Sanford,03.08.90,Non Associates
103,Kylan Delgado,20.07.87,Arcu Vestibulum Ut Corp.
104,Alan Caldwell,15.02.82,Vel Nisl Quisque Incorporated
105,Alexa Waller,19.07.86,Consectetuer Ipsum Nunc Corp.
106,Xena Lester,06.05.89,Primis In Limited
107,Hadley Mcguire,06.02.82,Ultrices LLP
108,Ciara Bolton,01.01.81,Cursus Purus Associates
109,Nora Brock,05.12.94,Non Associates
110,Austin Kelley,28.02.96,Arcu Vestibulum Ut Corp.
111,Ashton Parrish,07.11.74,Vel Nisl Quisque Incorporated
112,Kelly Huber,12.09.84,Consectetuer Ipsum Nunc Corp.
113,Ryder Hampton,21.07.86,Primis In Limited
114,Luke Ferguson,15.05.89,Ultrices LLP
115,Hu Wheeler,22.11.95,Suspendisse Aliquet Sem Limited
116,Sophia Holman,17.03.87,Elit Corp.
117,Pandora Bray,19.03.88,Sed Est Company
118,Mona Sanchez,13.07.92,Pede Praesent Corp.
119,Adam Turner,12.04.92,Duis LLC
120,Dacey Hardin,31.10.87,Vel Faucibus Id Associates
121,Lewis Golden,20.07.79,Orci Inc.
122,Ria Serrano,19.11.86,Cursus Purus Associates
123,Mara Pollard,07.06.92,Non Associates
124,Zane Copeland,03.06.78,Arcu Vestibulum Ut Corp.
125,Audra Hopkins,10.10.77,Vel Nisl Quisque Incorporated
126,Samantha Byrd,13.06.90,Consectetuer Ipsum Nunc Corp.
127,Farrah Richardson,03.02.79,Primis In Limited
128,Riley Sharp,26.08.86,Ultrices LLP
129,Geraldine Hensley,15.05.78,Blandit At Associates
130,Raven Schmidt,05.07.80,Interdum Curabitur PC
131,Miriam Coffey,04.02.87,Cursus Non Egestas Corporation
132,Nash Frost,01.05.93,Mollis Lectus Corporation
133,Chester Padilla,10.05.93,Magna Nec Quam Corporation
134,Sandra Mcknight,23.06.76,Elementum Dui Quis PC
135,Hayley Hendrix,01.06.88,Nam Porttitor Scelerisque Institute
136,Prescott Head,22.11.95,Nonummy Company
137,Kiona Copeland,09.04.83,Luctus Et Ultrices Associates
138,Caldwell Heath,07.11.81,Nunc Corp.
139,Margaret Foster,20.12.77,Dolor Consulting
140,Ann Richards,22.11.81,Risus Donec Egestas Ltd
141,Tara Crosby,16.02.89,Pede Praesent Corp.
142,Tamara Ellis,29.12.75,Duis LLC
143,Lane Poole,29.05.84,Vel Faucibus Id Associates
144,Damon Briggs,25.08.94,Orci Inc.
145,Zephania Barlow,29.06.96,Cursus Purus Associates
146,Ahmed Ramirez,11.01.89,Non Associates
147,Tasha Pace,29.04.87,Arcu Vestibulum Ut Corp.
148,Ross Vinson,10.07.77,Vel Nisl Quisque Incorporated
149,Garrison Schultz,15.08.76,Consectetuer Ipsum Nunc Corp.
150,Gary Patrick,18.03.78,Nam Porttitor Scelerisque Institute
151,Brent Wiley,02.08.95,Cursus Purus Associates
152,Rana Watkins,01.01.85,Non Associates
153,Yolanda Mercado,20.10.81,Arcu Vestibulum Ut Corp.
154,Diana Conway,14.11.81,Vel Nisl Quisque Incorporated
155,Mari Dickson,29.05.75,Consectetuer Ipsum Nunc Corp.
156,Sage Patterson,01.12.89,Primis In Limited
157,Marsden Hughes,04.01.75,Ultrices LLP
158,Sonya Hoover,30.06.76,Etiam Corporation
159,Flynn Crane,29.12.81,Eget Corporation
160,Nicholas Flynn,05.09.83,Mauris Eu Elit Ltd
161,Hoyt Parks,30.04.79,Ultrices LLP
162,Hayfa Daniels,18.08.91,Blandit At Associates
163,Pandora Stephenson,09.11.79,Interdum Curabitur PC
164,Renee Parrish,23.02.96,Cursus Non Egestas Corporation
165,Tamara Ware,14.08.80,Mollis Lectus Corporation
166,Giacomo Peck,15.12.92,Magna Nec Quam Corporation
167,Ciaran Valentine,13.11.76,Elementum Dui Quis PC
168,Beatrice Shelton,31.03.93,Non Corporation
169,Beau Koch,19.11.83,Quam Vel Sapien Institute
170,Madeson Cochran,01.07.89,Vel Nisl Quisque Incorporated
171,Oren Hatfield,11.09.80,Consectetuer Ipsum Nunc Corp.
172,Signe Sweeney,17.06.80,Primis In Limited
173,Ruth Higgins,16.12.95,Ultrices LLP
174,Ali Carr,01.07.78,Vehicula Aliquet Libero Consulting
175,Hu Hughes,21.11.81,Nam Porttitor Scelerisque Institute
176,Rachel Alexander,04.06.85,Nonummy Company
177,Steel Pearson,21.01.89,Luctus Et Ultrices Associates
178,Joshua Carr,04.05.77,Nunc Corp.
179,Judith Daniel,02.06.92,Dolor Consulting
180,Julie Hickman,21.02.85,Risus Donec Egestas Ltd
181,Priscilla Duke,27.10.82,Pede Praesent Corp.
182,Lacota Fitzpatrick,06.12.83,Duis LLC
183,Ray Paul,27.06.84,Vel Faucibus Id Associates
184,Dalton Franklin,03.02.81,Orci Inc.
185,Giacomo Workman,26.04.94,Cursus Purus Associates
186,Adena Vasquez,01.12.94,Non Associates
187,Ramona Bridges,13.10.83,Arcu Vestibulum Ut Corp.
188,Rhoda Davenport,16.11.81,Vel Nisl Quisque Incorporated
189,Jasper Wooten,08.06.89,Consectetuer Ipsum Nunc Corp.
190,Candace Ewing,09.02.77,Primis In Limited
191,Liberty Holmes,12.04.93,Ultrices LLP
192,Barclay Heath,12.05.94,Blandit At Associates
193,Garth Underwood,11.03.96,Interdum Curabitur PC
194,Lynn Wilson,15.07.81,Cursus Non Egestas Corporation
195,Priscilla Barr,08.02.82,Mollis Lectus Corporation
196,Garth Hansen,27.12.76,Magna Nec Quam Corporation
197,Gray Parker,29.06.92,Elementum Dui Quis PC
198,Amela Smith,02.12.91,Non Corporation
199,Constance Gaines,11.06.86,Quam Vel Sapien Institute
