id,name,birthday,comp,email
100,Kenneth Dillon,26.06.84,Orci Inc.,dillonk@sputnik.ru
101,Yoshio Elliott,13.09.81,Cursus Purus Associates,elliotty@sputnik.ru
102,Bernard Sanford,03.08.90,Non Associates,sanfordb@sputnik.ru
103,Kylan Delgado,20.07.87,Arcu Vestibulum Ut Corp.,delgadok@sputnik.ru
104,Alan Caldwell,15.02.82,Vel Nisl Quisque Incorporated,caldwella@sputnik.ru
105,Alexa Waller,19.07.86,Consectetuer Ipsum Nunc Corp.,wallera@sputnik.ru
106,Xena Lester,06.05.89,Primis In Limited,lesterx@sputnik.ru
107,Hadley Mcguire,06.02.82,Ultrices LLP,mcguireh@sputnik.ru
108,Ciara Bolton,01.01.81,Cursus Purus Associates,boltonc@sputnik.ru
109,Nora Brock,05.12.94,Non Associates,brockn@sputnik.ru
110,Austin Kelley,28.02.96,Arcu Vestibulum Ut Corp.,kelleya@sputnik.ru
111,Ashton Parrish,07.11.74,Vel Nisl Quisque Incorporated,parrisha@sputnik.ru
112,Kelly Huber,12.09.84,Consectetuer Ipsum Nunc Corp.,huberk@sputnik.ru
113,Ryder Hampton,21.07.86,Primis In Limited,hamptonr@sputnik.ru
114,Luke Ferguson,15.05.89,Ultrices LLP,fergusonl@sputnik.ru
115,Hu Wheeler,22.11.95,Suspendisse Aliquet Sem Limited,wheelerh@sputnik.ru
116,Sophia Holman,17.03.87,Elit Corp.,holmans@sputnik.ru
117,Pandora Bray,19.03.88,Sed Est Company,brayp@sputnik.ru
118,Mona Sanchez,13.07.92,Pede Praesent Corp.,sanchezm@sputnik.ru
119,Adam Turner,12.04.92,Duis LLC,turnera@sputnik.ru
120,Dacey Hardin,31.10.87,Vel Faucibus Id Associates,hardind@sputnik.ru
121,Lewis Golden,20.07.79,Orci Inc.,goldenl@sputnik.ru
122,Ria Serrano,19.11.86,Cursus Purus Associates,serranor@sputnik.ru
123,Mara Pollard,07.06.92,Non Associates,pollardm@sputnik.ru
124,Zane Copeland,03.06.78,Arcu Vestibulum Ut Corp.,copelandz@sputnik.ru
125,Audra Hopkins,10.10.77,Vel Nisl Quisque Incorporated,hopkinsa@sputnik.ru
126,Samantha Byrd,13.06.90,Consectetuer Ipsum Nunc Corp.,byrds@sputnik.ru
127,Farrah Richardson,03.02.79,Primis In Limited,richardsonf@sputnik.ru
128,Riley Sharp,26.08.86,Ultrices LLP,sharpr@sputnik.ru
129,Geraldine Hensley,15.05.78,Blandit At Associates,hensleyg@sputnik.ru
130,Raven Schmidt,05.07.80,Interdum Curabitur PC,schmidtr@sputnik.ru
131,Miriam Coffey,04.02.87,Cursus Non Egestas Corporation,coffeym@sputnik.ru
132,Nash Frost,01.05.93,Mollis Lectus Corporation,frostn@sputnik.ru
133,Chester Padilla,10.05.93,Magna Nec Quam Corporation,padillac@sputnik.ru
134,Sandra Mcknight,23.06.76,Elementum Dui Quis PC,mcknights@sputnik.ru
135,Hayley Hendrix,01.06.88,Nam Porttitor Scelerisque Institute,hendrixh@sputnik.ru
136,Prescott Head,22.11.95,Nonummy Company,headp@sputnik.ru
137,Kiona Copeland,09.04.83,Luctus Et Ultrices Associates,copelandk@sputnik.ru
138,Caldwell Heath,07.11.81,Nunc Corp.,heathc@sputnik.ru
139,Margaret Foster,20.12.77,Dolor Consulting,fosterm@sputnik.ru
140,Ann Richards,22.11.81,Risus Donec Egestas Ltd,richardsa@sputnik.ru
141,Tara Crosby,16.02.89,Pede Praesent Corp.,crosbyt@sputnik.ru
142,Tamara Ellis,29.12.75,Duis LLC,ellist@sputnik.ru
143,Lane Poole,29.05.84,Vel Faucibus Id Associates,poolel@sputnik.ru
144,Damon Briggs,25.08.94,Orci Inc.,briggsd@sputnik.ru
145,Zephania Barlow,29.06.96,Cursus Purus Associates,barlowz@sputnik.ru
146,Ahmed Ramirez,11.01.89,Non Associates,ramireza@sputnik.ru
147,Tasha Pace,29.04.87,Arcu Vestibulum Ut Corp.,pacet@sputnik.ru
148,Ross Vinson,10.07.77,Vel Nisl Quisque Incorporated,vinsonr@sputnik.ru
149,Garrison Schultz,15.08.76,Consectetuer Ipsum Nunc Corp.,schultzg@sputnik.ru
150,Gary Patrick,18.03.78,Nam Porttitor Scelerisque Institute,patrickg@sputnik.ru
151,Brent Wiley,02.08.95,Cursus Purus Associates,wileyb@sputnik.ru
152,Rana Watkins,01.01.85,Non Associates,watkinsr@sputnik.ru
153,Yolanda Mercado,20.10.81,Arcu Vestibulum Ut Corp.,mercadoy@sputnik.ru
154,Diana Conway,14.11.81,Vel Nisl Quisque Incorporated,conwayd@sputnik.ru
155,Mari Dickson,29.05.75,Consectetuer Ipsum Nunc Corp.,dicksonm@sputnik.ru
156,Sage Patterson,01.12.89,Primis In Limited,pattersons@sputnik.ru
157,Marsden Hughes,04.01.75,Ultrices LLP,hughesm@sputnik.ru
158,Sonya Hoover,30.06.76,Etiam Corporation,hoovers@sputnik.ru
159,Flynn Crane,29.12.81,Eget Corporation,cranef@sputnik.ru
160,Nicholas Flynn,05.09.83,Mauris Eu Elit Ltd,flynnn@sputnik.ru
161,Hoyt Parks,30.04.79,Ultrices LLP,parksh@sputnik.ru
162,Hayfa Daniels,18.08.91,Blandit At Associates,danielsh@sputnik.ru
163,Pandora Stephenson,09.11.79,Interdum Curabitur PC,stephensonp@sputnik.ru
164,Renee Parrish,23.02.96,Cursus Non Egestas Corporation,parrishr@sputnik.ru
165,Tamara Ware,14.08.80,Mollis Lectus Corporation,waret@sputnik.ru
166,Giacomo Peck,15.12.92,Magna Nec Quam Corporation,peckg@sputnik.ru
167,Ciaran Valentine,13.11.76,Elementum Dui Quis PC,valentinec@sputnik.ru
168,Beatrice Shelton,31.03.93,Non Corporation,sheltonb@sputnik.ru
169,Beau Koch,19.11.83,Quam Vel Sapien Institute,kochb@sputnik.ru
170,Madeson Cochran,01.07.89,Vel Nisl Quisque Incorporated,cochranm@sputnik.ru
171,Oren Hatfield,11.09.80,Consectetuer Ipsum Nunc Corp.,hatfieldo@sputnik.ru
172,Signe Sweeney,17.06.80,Primis In Limited,sweeneys@sputnik.ru
173,Ruth Higgins,16.12.95,Ultrices LLP,higginsr@sputnik.ru
174,Ali Carr,01.07.78,Vehicula Aliquet Libero Consulting,carra@sputnik.ru
175,Hu Hughes,21.11.81,Nam Porttitor Scelerisque Institute,hughesh@sputnik.ru
176,Rachel Alexander,04.06.85,Nonummy Company,alexanderr@sputnik.ru
177,Steel Pearson,21.01.89,Luctus Et Ultrices Associates,pearsons@sputnik.ru
178,Joshua Carr,04.05.77,Nunc Corp.,carrj@sputnik.ru
179,Judith Daniel,02.06.92,Dolor Consulting,danielj@sputnik.ru
180,Julie Hickman,21.02.85,Risus Donec Egestas Ltd,hickmanj@sputnik.ru
181,Priscilla Duke,27.10.82,Pede Praesent Corp.,dukep@sputnik.ru
182,Lacota Fitzpatrick,06.12.83,Duis LLC,fitzpatrickl@sputnik.ru
183,Ray Paul,27.06.84,Vel Faucibus Id Associates,paulr@sputnik.ru
184,Dalton Franklin,03.02.81,Orci Inc.,franklind@sputnik.ru
185,Giacomo Workman,26.04.94,Cursus Purus Associates,workmang@sputnik.ru
186,Adena Vasquez,01.12.94,Non Associates,vasqueza@sputnik.ru
187,Ramona Bridges,13.10.83,Arcu Vestibulum Ut Corp.,bridgesr@sputnik.ru
188,Rhoda Davenport,16.11.81,Vel Nisl Quisque Incorporated,davenportr@sputnik.ru
189,Jasper Wooten,08.06.89,Consectetuer Ipsum Nunc Corp.,wootenj@sputnik.ru
190,Candace Ewing,09.02.77,Primis In Limited,ewingc@sputnik.ru
191,Liberty Holmes,12.04.93,Ultrices LLP,holmesl@sputnik.ru
192,Barclay Heath,12.05.94,Blandit At Associates,heathb@sputnik.ru
193,Garth Underwood,11.03.96,Interdum Curabitur PC,underwoodg@sputnik.ru
194,Lynn Wilson,15.07.81,Cursus Non Egestas Corporation,wilsonl@sputnik.ru
195,Priscilla Barr,08.02.82,Mollis Lectus Corporation,barrp@sputnik.ru
196,Garth Hansen,27.12.76,Magna Nec Quam Corporation,hanseng@sputnik.ru
197,Gray Parker,29.06.92,Elementum Dui Quis PC,parkerg@sputnik.ru
198,Amela Smith,02.12.91,Non Corporation,smitha@sputnik.ru
199,Constance Gaines,11.06.86,Quam Vel Sapien Institute,gainesc@sputnik.ru
